nome_de_usuario,nome,senha,pais,data_de_nascimento
alicelima47,Alice Lima,1234,Espanha,1983-08-16
anabeatrizbarbosa14,Ana Beatriz Barbosa,1234,Mexico,1986-06-10
anaclaracorreia42,Ana Clara Correia,1234,Brasil,2009-07-06
anajuliasantos39,Ana Julia Santos,1234,Brasil,1973-04-02
analauraalmeida27,Ana Laura Almeida,1234,Colombia,1970-05-24
analuizacosta14,Ana Luiza Costa,1234,Mexico,2017-10-09
anamartins52,Ana Martins,1234,Brasil,1994-08-24
antoniosilva90,Antonio Silva,1234,Colombia,2001-09-24
arthurgomes75,Arthur Gomes,1234,Chile,1983-10-04
arthurmartins97,Arthur Martins,1234,Chile,1958-07-06
beatrizoliveira47,Beatriz Oliveira,1234,Chile,1984-06-15
benjaminrodrigues97,Benjamin Rodrigues,1234,Argentina,1956-07-28
bernardopereira43,Bernardo Pereira,1234,Argentina,1966-10-14
brenooliveira39,Breno Oliveira,1234,Mexico,1970-12-25
brunorocha29,Bruno Rocha,1234,Espanha,1986-10-22
caiopereira60,Caio Pereira,1234,Portugal,1989-11-21
catarinadias86,Catarina Dias,1234,Espanha,1963-07-01
cauasouza38,Caua Souza,1234,Espanha,2009-02-17
ceciliagomes48,Cecilia Gomes,1234,Espanha,1987-03-12
claricerocha81,Clarice Rocha,1234,Argentina,1986-06-25
danielmelo36,Daniel Melo,1234,Argentina,2017-06-03
daviluccaalves44,Davi Lucca Alves,1234,Argentina,1972-01-22
davinogueira43,Davi Nogueira,1234,Chile,1985-06-25
diegobarbosa80,Diego Barbosa,1234,Brasil,1989-04-26
eloahgomes65,Eloah Gomes,1234,Argentina,1971-09-15
emanuellysantos17,Emanuelly Santos,1234,Portugal,1959-10-10
emanuelpereira33,Emanuel Pereira,1234,Mexico,1989-10-27
enzogabrielgomes26,Enzo Gabriel Gomes,1234,Chile,1999-07-23
enzomartins21,Enzo Martins,1234,Chile,2016-10-24
erickaraujo70,Erick Araujo,1234,Brasil,1960-08-07
felipealves65,Felipe Alves,1234,Brasil,1977-03-24
felipesantos55,Felipe Santos,1234,Espanha,1966-02-23
gabrielalima33,Gabriela Lima,1234,Brasil,2010-04-03
gabrielcosta46,Gabriel Costa,1234,Brasil,2009-03-23
gabrielgoncalves30,Gabriel Gonçalves,1234,Argentina,1999-12-21
gusta Monteiro31,Gustavo Monteiro,1234,Brasil,1984-06-25
helenacastro65,Helena Castro,1234,Portugal,2001-09-02
heloisacorreia17,Heloisa Correia,1234,Brasil,1983-10-27
iangomes61,Ian Gomes,1234,Chile,1961-07-28
isabelacardoso59,Isabela Cardoso,1234,Argentina,1992-06-12
isabellyaraujo44,Isabelly Araujo,1234,Brasil,1989-01-28
isadorapereira88,Isadora Pereira,1234,Brasil,2010-09-22
joaoalmeida99,João Almeida,1234,Brasil,1990-09-17
joaogabrielpinto48,João Gabriel Pinto,1234,Espanha,1991-03-18
joaolucaspereira90,João Lucas Pereira,1234,Chile,1971-12-19
joaomigueldias66,João Miguel Dias,1234,Espanha,1953-01-27
joaopedrosouza85,João Pedro Souza,1234,Argentina,1990-12-03
joaovitoralmeida13,João Vitor Almeida,1234,Argentina,1998-05-28
joaquimsantos13,Joaquim Santos,1234,Brasil,1958-09-04
juliasilva53,Julia Silva,1234,Chile,1980-07-11
larissacunha86,Larissa Cunha,1234,Espanha,2002-12-28
lauracunha92,Laura Cunha,1234,Colombia,1983-04-14
leonardocosta18,Leonardo Costa,1234,Brasil,1992-04-03
liviacosta17,Livia Costa,1234,Argentina,2012-12-29
lorenacardoso97,Lorena Cardoso,1234,Colombia,1999-11-04
luccacastro84,Lucca Castro,1234,Colombia,1985-11-19
luizfelipecosta58,Luiz Felipe Costa,1234,Espanha,1990-11-07
luizfernandooliveira60,Luiz Fernando Oliveira,1234,Chile,1985-09-05
luizgustavoribeiro55,Luiz Gustavo Ribeiro,1234,Chile,1999-01-20
luizhenriquecunha72,Luiz Henrique Cunha,1234,Portugal,1993-05-02
luizmiguelalves17,Luiz Miguel Alves,1234,Brasil,1969-09-12
luizotaviocavalcanti11,Luiz Otavio Cavalcanti,1234,Portugal,1965-02-28
manuelaoliveira79,Manuela Oliveira,1234,Chile,1989-01-28
marcelocunha49,Marcelo Cunha,1234,Chile,1968-08-16
marcosviniciuslima16,Marcos Vinicius Lima,1234,Brasil,1983-06-28
mariaclaracorreia28,Maria Clara Correia,1234,Brasil,1996-10-14
mariaeduardamartins54,Maria Eduarda Martins,1234,Portugal,1981-05-18
mariafernandacosta84,Maria Fernanda Costa,1234,Chile,1953-06-25
mariajuliacunha80,Maria Julia Cunha,1234,Portugal,1999-09-07
marianagomes47,Mariana Gomes,1234,Portugal,2010-08-01
mariasophiaferreira93,Maria Sophia Ferreira,1234,Colombia,2016-11-09
matheuslima93,Matheus Lima,1234,Argentina,2010-09-19
melissacavalcanti11,Melissa Cavalcanti,1234,Brasil,2003-08-01
miguelribeiro94,Miguel Ribeiro,1234,Mexico,1974-03-03
miguelsilva15,Miguel Silva,1234,Mexico,1984-04-05
murilosantos26,Murilo Santos,1234,Chile,1989-05-27
nathanrodrigues89,Nathan Rodrigues,1234,Colombia,1962-07-16
nicolegoncalves64,Nicole Gonçalves,1234,Colombia,1974-04-20
oliviasantos88,Olivia Santos,1234,Brasil,2017-09-02
pedrohenriquecunha20,Pedro Henrique Cunha,1234,Argentina,1984-11-08
pedroribeiro71,Pedro Ribeiro,1234,Espanha,1993-01-07
rafaelacavalcanti25,Rafaela Cavalcanti,1234,Brasil,1967-06-14
rafaelferreira38,Rafael Ferreira,1234,Chile,1983-10-18
rebecaalves72,Rebeca Alves,1234,Espanha,1994-06-19
ryanmelo20,Ryan Melo,1234,Brasil,1980-07-27
samuelcosta78,Samuel Costa,1234,Brasil,1985-05-27
samuelsoares17,Samuel Soares,1234,Portugal,1956-02-23
sarahalmeida85,Sarah Almeida,1234,Portugal,1991-05-23
sergiocunha41,Sergio Cunha,1234,Espanha,1967-08-27
theocosta16,Theo Costa,1234,Portugal,1982-10-17
valentinasantos39,Valentina Santos,1234,Brasil,1991-05-10
viniciusaraujo11,Vinicius Araujo,1234,Portugal,1997-02-12
viniciusrodrigues24,Vinicius Rodrigues,1234,Brasil,1996-03-19
vitorgoncalves68,Vitor Gonçalves,1234,Argentina,1965-05-18
vitoriacosta82,Vitoria Costa,1234,Colombia,2005-06-09
yurialmeida49,Yuri Almeida,1234,Argentina,2002-09-21
